,url
0,https://nevadaepro.com/bso/external/bidDetail.sdo?docId=44DOC-S2639&external=true&parentUrl=close
1,https://nevadaepro.com/bso/external/bidDetail.sdo?docId=80DOT-S2638&external=true&parentUrl=close
2,https://nevadaepro.com/bso/external/bidDetail.sdo?docId=69CRC-S2637&external=true&parentUrl=close
3,https://nevadaepro.com/bso/external/bidDetail.sdo?docId=65DPS-S2632&external=true&parentUrl=close
4,https://nevadaepro.com/bso/external/bidDetail.sdo?docId=65DPS-S2631&external=true&parentUrl=close
5,https://nevadaepro.com/bso/external/bidDetail.sdo?docId=65DPS-S2630&external=true&parentUrl=close
6,https://nevadaepro.com/bso/external/bidDetail.sdo?docId=70CNR-S2629&external=true&parentUrl=close
7,https://nevadaepro.com/bso/external/bidDetail.sdo?docId=80DOT-S2616&external=true&parentUrl=close
8,https://nevadaepro.com/bso/external/bidDetail.sdo?docId=99SWC-S2615&external=true&parentUrl=close
9,https://nevadaepro.com/bso/external/bidDetail.sdo?docId=80DOT-S2614&external=true&parentUrl=close
10,https://nevadaepro.com/bso/external/bidDetail.sdo?docId=99SWC-S2613&external=true&parentUrl=close
11,https://nevadaepro.com/bso/external/bidDetail.sdo?docId=70CNR-S2612&external=true&parentUrl=close
12,https://nevadaepro.com/bso/external/bidDetail.sdo?docId=70CNR-S2608&external=true&parentUrl=close
13,https://nevadaepro.com/bso/external/bidDetail.sdo?docId=80DOT-S2602&external=true&parentUrl=close
14,https://nevadaepro.com/bso/external/bidDetail.sdo?docId=40DHHS-S2597&external=true&parentUrl=close
15,https://nevadaepro.com/bso/external/bidDetail.sdo?docId=50COMR-S2596&external=true&parentUrl=close
16,https://nevadaepro.com/bso/external/bidDetail.sdo?docId=99SWC-S2593&external=true&parentUrl=close
17,https://nevadaepro.com/bso/external/bidDetail.sdo?docId=99SWC-S2575&external=true&parentUrl=close
18,https://nevadaepro.com/bso/external/bidDetail.sdo?docId=40DHHS-S2571&external=true&parentUrl=close
19,https://nevadaepro.com/bso/external/bidDetail.sdo?docId=70CNR-S2563&external=true&parentUrl=close
20,https://nevadaepro.com/bso/external/bidDetail.sdo?docId=40DHHS-S2556&external=true&parentUrl=close
21,https://nevadaepro.com/bso/external/bidDetail.sdo?docId=90DETR-S2536&external=true&parentUrl=close
22,https://nevadaepro.com/bso/external/bidDetail.sdo?docId=44DOC-S2507&external=true&parentUrl=close
23,https://nevadaepro.com/bso/external/bidDetail.sdo?docId=05TO-S2505&external=true&parentUrl=close
24,https://nevadaepro.com/bso/external/bidDetail.sdo?docId=99SWC-S2380&external=true&parentUrl=close
25,https://nevadaepro.com/bso/external/bidDetail.sdo?docId=99SWC-S1737&external=true&parentUrl=close
26,https://nevadaepro.com/bso/external/bidDetail.sdo?docId=99SWC-S1495&external=true&parentUrl=close
27,https://nevadaepro.com/bso/external/bidDetail.sdo?docId=61GCB-S1402&external=true&parentUrl=close
28,https://nevadaepro.com/bso/external/bidDetail.sdo?docId=99SWC-S818&external=true&parentUrl=close
